Data Inizio,Data Fine,Nome Evento,Comune / Frazione,Luogo Esatto,Descrizione dell'Evento,Giorni Effettivi,Valutazione,Programma Dettagliato
01/07/2026,06/09/2026,Mostra Il tempo del realismo,Grosseto,Polo culturale Le Clarisse,"[MOSTRA D'ARTE] Grande esposizione d'arte che ospita capolavori del realismo (Guttuso, Levi, Treccani) affiancati dalle opere degli artisti maremmani.",Tutti i giorni (lunedì chiuso),⭐⭐⭐⭐ (4.5),
29/08/2026,06/09/2026,Sagra della Granocchia,Civitella Paganico (Fraz. Paganico),"Centro Storico, Paganico","Rassegna enogastronomica con specialità di rane fritte, spettacoli musicali e il tradizionale ""Palio della Granocchia"" in cui si corre con carriole.",Solo 29-30 agosto e 5-6 settembre,⭐⭐⭐⭐⭐ (4.9),
01/09/2026,03/09/2026,Festa di Fine Estate e Sagra dell'Orata,Orbetello (Fraz. Albinia),"Giardini di Via Aldi, Albinia","L'ultimo grande appuntamento con i sapori del mare. Specialità marinare, in particolare la pregiata orata locale, e musica dal vivo.",Sera,⭐⭐⭐⭐ (4.1),
01/09/2026,25/10/2026,Cantine Aperte in Vendemmia,Varie località (Provincia di Grosseto),Aziende vitivinicole della Maremma,"Iniziativa diffusa in tutta la provincia. Le cantine aprono le porte ai visitatori per far vivere l'esperienza della vendemmia, con degustazioni di mosto e vini locali.",Tutti i weekend,⭐⭐⭐⭐½ (4.6),
02/09/2026,08/09/2026,Palio delle Contrade,Castel del Piano,"Piazza Garibaldi e Centro Storico, Castel del Piano","[FOLCLORE/PALIO] Storica manifestazione che culmina l'8 settembre con il Palio. La settimana precedente è ricca di eventi popolari: tiro alla fune, corsa degli insaccati, pentolaccia e corteo storico.",Tutti i giorni,⭐⭐⭐⭐⭐ (4.8),
03/09/2026,06/09/2026,SettembrediVino,Pitigliano,Cantine storiche del borgo,"Festa delle cantine nel tufo, degustazioni di vini locali e piatti della Maremma nei vicoli del suggestivo centro storico.",Tutti i giorni,⭐⭐⭐⭐⭐ (4.8),
03/09/2026,12/09/2026,Sagra dei Tortelli e Calamari (Ed. Settembre),Castiglione della Pescaia,"Palasport Casa Mora, Castiglione della Pescaia","Evento EcoFesta che celebra i sapori di terra e di mare: tortelli maremmani e piatti a base di calamari, con serate musicali danzanti.",3-6 e 10-12 settembre,⭐⭐⭐⭐½ (4.5),
03/09/2026,13/09/2026,Festa di Fine Estate,Sorano (Fraz. San Giovanni delle Contee),"Centro del borgo e area festeggiamenti, San Giovanni delle Contee","Tradizionale festa paesana e religiosa in onore di Maria SS. Addolorata con stand gastronomici e tipica 'fraschetta' aperta tutte le sere, piatti tipici dell'alta Maremma, musica dal vivo, ballo liscio e la divertente 'Corrida' paesana.",3-6 e 11-13 Settembre (tutte le sere da giovedì a domenica),⭐⭐⭐⭐ (4.3),
04/09/2026,06/09/2026,Sagra del Porcino,Campagnatico (Fraz. Arcille),"Area Festeggiamenti, Frazione Arcille, Campagnatico","44ª edizione della sagra. Celebrazione del fungo porcino in tutte le sue declinazioni: zuppa, fritti e tortelli, con musica dal vivo e ballo liscio.",4-5-6 settembre,⭐⭐⭐⭐½ (4.5),
04/09/2026,13/09/2026,Settembre Roccastradino (54ª Edizione),Roccastrada,"Parco del Chiusone e vie del centro storico, Roccastrada","Storica rassegna decennale con grande ristorante gastronomico a tema culinario ogni sera (serate dedicate a baccalà, strozzapreti all'aglione, peposo, maialino al forno, lumache e cacciagione), eventi sportivi, musica live, sfilata e l'atteso Palio Umoristico dei Ciuchi con fuochi d'artificio finali.",Tutte le sere (e a pranzo nei fine settimana),⭐⭐⭐⭐⭐ (4.8),
07/09/2026,13/09/2026,Palio dei Ciuchi e Tradizioni di Campagnatico (69ª Edizione),Campagnatico,"Centro storico, Via Roma e Rocca Aldobrandesca, Campagnatico","Settimana di festa della comunità locale tra corteo medievale con oltre 100 figuranti, banchetto signorile 'Alla corte di Umberto', serate gastronomiche con piatti tipici e l'avvincente 69ª corsa del Palio dei Ciuchi tra i quattro rioni storici (Castello, Centro, Pieve, Santa Maria).",Da lunedì a domenica (Palio la domenica pomeriggio),⭐⭐⭐⭐⭐ (4.8),
09/09/2026,13/09/2026,Sagra del Cinghiale,Capalbio,"Centro storico, Capalbio",Storica manifestazione maremmana incastonata in uno dei borghi più suggestivi della zona. Piatti della tradizione a base di cinghiale accompagnati da eventi e musica.,Tutte le sere,⭐⭐⭐⭐½ (4.6),
10/09/2026,20/09/2026,Festa di Santa Lucia,Grosseto (Quartiere Barbanella),"Parco Vittore Lino Parri, Barbanella, Grosseto","58ª edizione della storica festa cittadina. Ristorante 'Simone Pellegrini' aperto dalle 19:00, stand gastronomici, fiera di beneficenza, tombola serale e grandi concerti live (incluso Eugenio Finardi).",Tutti i giorni,⭐⭐⭐⭐½ (4.7),"<p class=""mb-2 text-maremma-700""><strong>🍽️ Stand Gastronomici</strong></p><ul class=""list-disc pl-5 mb-4 space-y-1"">  <li>Tutti i giorni dalle ore 18:00 apertura del bar e della fiera di beneficenza.</li>  <li>Dalle ore 19:00 apertura del ristorante ""Simone Pellegrini"" con specialità tipiche e carne alla griglia.</li>  <li>Ogni sera alle 21:30 il classico appuntamento con la Tombola, accompagnata da concerti gratuiti dal vivo!</li></ul><p class=""mb-2 text-maremma-700""><strong>🎵 Il Programma Musicale (Inizio live ore 21:15)</strong></p><ul class=""list-disc pl-5 space-y-1"">  <li><strong>Giovedì 10 Settembre:</strong> Processione in onore di Santa Lucia seguita dal concerto della Filarmonica di Grosseto.</li>  <li><strong>Venerdì 11 Settembre:</strong> Pianeta Zero (Renato Zero Tribute Band).</li>  <li><strong>Sabato 12 Settembre:</strong> Mama Lover (Dance Party anni '80-'90-2000).</li>  <li><strong>Domenica 13 Settembre:</strong> False Partenze (Big Band jazz/swing) - Al mattino (ore 11) S. Messa col Vescovo.</li>  <li><strong>Lunedì 14 Settembre:</strong> Lo storico Coro dei Minatori di Santa Fiora.</li>  <li><strong>Martedì 15 Settembre:</strong> Rino Gaetano Band.</li>  <li><strong>Mercoledì 16 Settembre:</strong> Beatbox (The Beatles Tribute Band).</li>  <li><strong>Giovedì 17 Settembre:</strong> Grande concerto di Eugenio Finardi (Tutto Finardi Live 2026).</li>  <li><strong>Venerdì 18 Settembre:</strong> Rubbish (Oasis Tribute Band).</li>  <li><strong>Sabato 19 Settembre:</strong> Rubami la Notte (Pinguini Tattici Nucleari Tribute Band).</li>  <li><strong>Domenica 20 Settembre:</strong> Grande chiusura con il 39° Festival Canoro Baby (pomeriggio) e il live di Francesco Di Napoli alla sera.</li></ul>"
11/09/2026,13/09/2026,Sagra del Capitone,Cinigiano (Fraz. Sasso d'Ombrone),"Sasso d'Ombrone, Cinigiano","Storica sagra (giunta alla 46ª edizione) dedicata alle specialità di capitone e anguilla del fiume Ombrone, serviti in umido o alla brace.",,⭐⭐⭐⭐½ (4.5),
11/09/2026,13/09/2026,Festa delle Cantine,Manciano,"Centro Storico, Manciano","Il centro storico si trasforma in un percorso enogastronomico. Le cantine aprono le porte al pubblico per degustazioni di vini locali e piatti tipici (ciaffagnoni, acquacotta, cinghiale).",Dal tardo pomeriggio,⭐⭐⭐⭐⭐ (4.9),
11/09/2026,13/09/2026,La Stortellata (Festa del Tortello di Selvena),Castell'Azzara (Fraz. Selvena),"Parco Verde, Selvena","Amata sagra amiatina dedicata al tradizionale tortello di patate selvignano, preparato a mano con la rara patata biancona del Faggeto. Stand gastronomico ruspante con primi piatti fatti in casa, carni alla brace e musica all'aperto.","Venerdì e Sabato a cena, Domenica a pranzo",⭐⭐⭐⭐½ (4.5),
11/09/2026,13/09/2026,Festa di Fine Estate,Scansano (Fraz. Poggioferro),"Area Oratorio Santa Croce e centro del borgo, Poggioferro","Festa paesana ricca di autenticità incentrata sulla genuina cucina del borgo: celeberrima zuppa poggioferrina cotta con verdure e pane di campagna, gnocchi fatti a mano conditi al ragù, carni alla brace.",Solo fine settimana,⭐⭐⭐⭐ (4.3),"Serate giovani con DJ set il venerdì e orchestra da liscio nel weekend. Apertura ristorante venerdì sera, sabato e domenica pranzo e cena."
12/09/2026,13/09/2026,Magico Settembre,Castiglione della Pescaia,"Centro, Castiglione della Pescaia","Manifestazione di fine estate dedicata all'artigianato, al vintage, all'hobbistica e alle curiosità nel centro della località balneare.",Tutto il giorno,⭐⭐⭐⭐ (4.1),
12/09/2026,13/09/2026,A spasso nel Medioevo - Sulle orme del Grifone,Grosseto,"Centro Storico e Cassero Senese, Grosseto","Grande manifestazione di rievocazione storica. Mercatino medievale, artigianato, living history, spettacoli in costume e stand gastronomici a tema.",Sabato e Domenica,⭐⭐⭐⭐½ (4.5),
18/09/2026,20/09/2026,Bagana e Festa della Torchiatura,Manciano (Fraz. Poggio Murella),"Piazza del Popolo e centro del borgo, Poggio Murella",Rievocazione contadina dell'antica torchiatura dell'uva con storico torchio e pigiatura a piedi nudi dei bambini; assaggio della bagana (il mosto d'uva appena spillato) e piatti tipici mancianesi.,Solo fine settimana,⭐⭐⭐⭐½ (4.5),"Apertura stand venerdì e sabato a cena, domenica anche a pranzo. Canti folkloristici e serate in piazza."
19/09/2026,27/09/2026,Festa dell'Uva,Scansano,"Centro Storico e Cantine del Borgo, Scansano","56ª edizione che celebra la vendemmia e il Morellino di Scansano DOCG. Apertura delle antiche cantine nel centro storico, degustazioni guidate da sommelier, sfilate folcloristiche e musica dal vivo.",Solo weekend (19-20 e 25-27 settembre),⭐⭐⭐⭐⭐ (4.9),
19/09/2026,04/10/2026,Sagra della Polenta a Bivio di Ravi,Gavorrano (Fraz. Bivio di Ravi),"Struttura coperta polivalente, Bivio di Ravi, Gavorrano","Celebre e atteso appuntamento autunnale che celebra la polenta cotta nel paiolo e condita con ricchi sughi tradizionali di cinghiale, capriolo, funghi porcini e salsiccia. Stand coperti, orchestre e serate danzanti.","Solo fine settimana (19-20, 26-27 sett. e 3-4 ott.; Sabato cena, Domenica pranzo e cena)",⭐⭐⭐⭐½ (4.6),
24/09/2026,27/09/2026,Festa dell'Uva e delle Cantine al Giglio,Isola del Giglio (Fraz. Giglio Castello),"Vicoli, piazze e cantine storiche di Giglio Castello","Festa clou dell'isola che celebra la fine della vendemmia. Apertura serale delle cantine scavate nella roccia con degustazioni del celebre vino Ansonaco, cavatelli gigliesi, coniglio alla cacciatora, pesce locale e panficato gigliese, allietati da canti tradizionali e musica itinerante.","Da giovedì a sabato a cena (dalle 19:30), domenica a pranzo (dalle 12:30)",⭐⭐⭐⭐⭐ (4.9),
25/09/2026,27/09/2026,Sagra della Salsiccia,Civitella Paganico (Fraz. Pari),"Centro Storico, Borgo di Pari","59ª edizione della celebre rassegna nel borgo medievale di Pari. Protagonista la tipica salsiccia artigianale parigiana alla brace, accompagnata da polenta alla boscaiola, tagliatelle e funghi porcini.","Venerdì sera, Sabato e Domenica (anche a pranzo)",⭐⭐⭐⭐½ (4.7),
25/09/2026,27/09/2026,Sasso in Festa,Cinigiano (Fraz. Sasso d'Ombrone),"Parco Bellacosta e centro storico, Sasso d'Ombrone","Rassegna paesana e culturale che trasforma il borgo medievale in una galleria d'arte a cielo aperto. Ristorante gastronomico al Parco Bellacosta con piatti della tradizione maremmana, cantine aperte con degustazione di vini Montecucco D.O.C., mostre fotografiche sulla memoria contadina, mercatino artigianale e serate di musica dal vivo con DJ set.","Weekend (Venerdì a cena, Sabato e Domenica pranzo e cena)",⭐⭐⭐⭐½ (4.5),"<p class=""mb-2 text-maremma-700""><strong>🍽️ Stand Gastronomici & Degustazioni</strong></p><ul class=""list-disc pl-5 mb-4 space-y-1""><li>Ristorante gastronomico allestito al Parco Bellacosta con piatti della tradizione maremmana (tortelli, carni alla brace, specialità paesane).</li><li>Apertura delle caratteristiche cantine del centro storico con degustazioni del celebre vino Montecucco D.O.C.</li><li>Stand attivi venerdì e sabato a cena (dalle 19:30), domenica sia a pranzo (dalle 12:30) che a cena.</li></ul><p class=""mb-2 text-maremma-700""><strong>🎨 Cultura, Mostre & Spettacoli</strong></p><ul class=""list-disc pl-5 space-y-1""><li><strong>Venerdì:</strong> Apertura della festa, mostre d'arte contemporanea tra i vicoli del borgo medievale e live music serale con DJ set.</li><li><strong>Sabato:</strong> Mostra fotografica sulla memoria contadina, passeggiata panoramica pomeridiana lungo la valle dell'Ombrone e grande concerto serale al parco.</li><li><strong>Domenica:</strong> Dalla mattina mercatino dell'artigianato e dell'antiquariato, giochi popolari per bambini nel pomeriggio e musica dal vivo di chiusura.</li></ul>"
27/09/2026,27/09/2026,Festa Contadina di Tirli in Rosa,Castiglione della Pescaia (Fraz. Tirli),"Centro storico e piazze del borgo, Tirli","Giornata dedicata alla memoria contadina e alle specialità culinarie dei boschi e delle colline castiglionesi. Grande pranzo contadino conviviale all'aperto, esposizione e vendita di prodotti tipici locali e artigianato.",Domenica dalle ore 10:30 (pranzo contadino),⭐⭐⭐⭐ (4.3),
27/09/2026,28/09/2026,Sagra della Bruschetta e dell'Olio Novo,Castel del Piano (Fraz. Montegiovi),Montegiovi,"Evento enogastronomico di fine settembre che celebra i sapori autunnali della Maremma, con protagonista assoluto il pregiato Olio Extravergine di Oliva del territorio.",Tutti i giorni,⭐⭐⭐⭐½ (4.6),
02/10/2026,04/10/2026,Festa dell'Uva,Cinigiano,"Centro storico, Cinigiano","Celebrazione dedicata alla vendemmia e alle eccellenze vinicole locali di Cinigiano, territorio noto per la forte vocazione enologica.",Tutto il giorno,⭐⭐⭐⭐ (4.3),
02/10/2026,04/10/2026,Sagra del Fungo Porcino,Civitella Paganico (Fraz. Casale di Pari),"Area Festeggiamenti Pro Loco, Casale di Pari","Storica manifestazione autunnale attiva dal 1975 che esalta i funghi porcini raccolti nei boschi della Valle del Farma. Famosa in tutta la Maremma per il fungo fritto, cappelle alla griglia e primi piatti.","Weekend (Venerdì a cena, Sabato e Domenica pranzo e cena)",⭐⭐⭐⭐½ (4.7),
02/10/2026,04/10/2026,Festa di Ottobre (Festa delle Cantine),Roccalbegna (Fraz. Vallerona),"Cantine storiche scavate nella roccia e vie del borgo, Vallerona","Tradizionale e sentita festa d'autunno in cui il borgo apre le caratteristiche cantine scavate nella roccia tufacea. Percorso gastronomico tra piatti rustici maremmani (carne alla brace, polenta, salumi locali e caldarroste), ottimo vino delle colline, tornei popolari di briscola, musica dal vivo e DJ set in onore della Madonna del Rosario.","Primo weekend di ottobre (Venerdì a cena, Sabato e Domenica pranzo e cena)",⭐⭐⭐⭐½ (4.6),
03/10/2026,04/10/2026,Festa della Castagna Ciola e Raduno d'Autunno,Castel del Piano,"Centro storico e Piazza Madonna, Castel del Piano","Primo evento amiatino dedicato alla 'Castagna Ciola' di Castel del Piano. Degustazione di caldarroste, necci, castagnaccio e birre artigianali di castagna, accompagnati da musica dal vivo e dal raduno motociclistico d'autunno.",Sabato e Domenica,⭐⭐⭐⭐½ (4.5),
03/10/2026,11/10/2026,Festa d'Autunno,Gavorrano (Fraz. Caldana),"Centro storico e Area Feste ""Il Giardino"", Caldana","Storico appuntamento autunnale tra le Colline Metallifere. Apertura delle cantine del borgo medievale con degustazioni di vino locale e grande ristorante coperto all'area ""Il Giardino"" con specialità di stagione: funghi, polenta al cinghiale, zonzelle, caldarroste e dolci maremmani. Accompagnato da corteo storico, sbandieratori e mercatino dell'artigianato.",Solo nei due fine settimana (3-4 e 10-11 ottobre),⭐⭐⭐⭐½ (4.5),
04/10/2026,12/10/2026,Sagra del Fungo Amiatino,Santa Fiora (Fraz. Bagnolo),Bagnolo,Imperdibile rassegna dedicata a uno dei prodotti simbolo dei boschi dell'Amiata: il prelibato fungo porcino e le sue declinazioni in cucina.,Fine settimana,⭐⭐⭐⭐½ (4.7),
08/10/2026,11/10/2026,Festa della Castagna,Cinigiano (Fraz. Monticello Amiata),"Centro Storico, Monticello Amiata",Celebrazione della castagna locale nel cuore dell'Amiata con caldarroste e vin brulé.,,⭐⭐⭐⭐½ (4.5),
09/10/2026,11/10/2026,Il Risveglio delle Cantine,Semproniano,"Centro storico e cantine del borgo, Semproniano","4ª edizione della suggestiva festa che ""risveglia"" le antiche cantine private del borgo di Semproniano. Itinerario enogastronomico diffuso tra vicoli in pietra con assaggi di vini del territorio, formaggi, cianfagnoni, zuppe contadine e grigliate, con musica itinerante, spettacoli di strada e premiazione della miglior cantina.",Da venerdì sera a domenica,⭐⭐⭐⭐½ (4.6),
10/10/2026,10/10/2026,Festa di San Cerbone e Sfida della Balestra,Massa Marittima,"Piazza Garibaldi e Cattedrale di San Cerbone, Massa Marittima","[FOLCLORE/PATRONO] Solenne celebrazione del Santo Patrono delle Colline Metallifere. Spettacolare corteo storico con oltre cento figuranti in costumi medievali, sbandieratori e musici della Società dei Terzieri Massetani, cerimonia dell'offerta del cero e del censo al Vescovo in Cattedrale e tradizionale gara straordinaria di tiro con la balestra sul sagrato del Duomo contro il bersaglio 'corniolo', accompagnata da stand gastronomici e sapori tipici del territorio.",Singola giornata (Sabato 10 Ottobre),⭐⭐⭐⭐⭐ (4.8),"<p class=""mb-2 text-maremma-700""><strong>🏹 Solenni Celebrazioni & Torneo della Balestra</strong></p><ul class=""list-disc pl-5 mb-4 space-y-1""><li><strong>Ore 10:30:</strong> Solenne Messa Pontificale nella maestosa Cattedrale di San Cerbone con le autorità cittadine e i rappresentanti dei Terzieri.</li><li><strong>Ore 15:30:</strong> Partenza del maestoso Corteo Storico medievale con oltre cento figuranti in costumi del Trecento, musici e sbandieratori della Società dei Terzieri Massetani.</li><li><strong>Ore 16:30:</strong> Solenne cerimonia medievale dell'Offerta del Cero e del Censo al Vescovo.</li><li><strong>Ore 17:15:</strong> Straordinaria ed emozionante sfida di tiro con la balestra antica all'italiana sul sagrato del Duomo: i migliori balestrieri di Borgo, Cittanuova e Cittavecchia si contendono la vittoria centrando il ""corniolo"".</li></ul><p class=""mb-2 text-maremma-700""><strong>🍷 Sapori d'Autunno nel Borgo</strong></p><ul class=""list-disc pl-5 space-y-1""><li>Dalle ore 12:00 e per tutto il pomeriggio: Punti di ristoro in piazza con caldarroste fumanti, necci con ricotta, schiaccia con l'uva e degustazioni dei rinomati vini Monteregio di Massa Marittima.</li></ul>"
11/10/2026,25/10/2026,Sagra della Castagna di Montieri,Montieri,"Centro Storico e Piazza Gramsci, Montieri","Rassegna autunnale nei boschi delle Colline Metallifere dedicata alla castagna: caldarroste fumanti, castagnaccio, necci con ricotta, piatti a base di farina dolce e mercatino dei prodotti tipici.",Tutte le domeniche,⭐⭐⭐⭐½ (4.5),"Evento aperto tutte le domeniche di ottobre (11, 18 e 25 ottobre). Mercatini artigianali e visite guidate nei castagneti secolari."
16/10/2026,25/10/2026,Castagna in Festa,Arcidosso,"Centro Storico, Arcidosso",Uno degli eventi più rilevanti del territorio amiatino dedicato alla valorizzazione della castagna locale e dei prodotti autunnali.,Solo nei fine settimana (Ven-Dom),⭐⭐⭐⭐½ (4.6),
17/10/2026,19/10/2026,Sagra della Castagna,Campagnatico (Fraz. Montorsaio),Montorsaio,"Il piccolo borgo si anima per festeggiare la castagna, frutto autunnale per eccellenza, con caldarroste, vino e mercatini.",Tutto il giorno,⭐⭐⭐⭐ (4.2),
17/10/2026,19/10/2026,Festa della Biondina (Sagra della Castagna),Roccalbegna (Fraz. Cana),"Centro Storico e Frasche, Cana","Tradizionale festa amiatina dedicata alla castagna (""la biondina"", nome locale per la caldarrosta). Apertura delle ""frasche"" (antiche cantine), castagnaccio, polenta dolce con ricotta, cinghiale e vin brulè.",Weekend (Venerdì-Domenica),⭐⭐⭐⭐½ (4.5),
18/10/2026,18/10/2026,Festa della Castagna,Monterotondo Marittimo,"Centro storico, Piazza Cheli e vie del paese, Monterotondo Marittimo","Rassegna autunnale delle Colline Metallifere dedicata alla castagna e ai sapori dei boschi. Stand gastronomici con caldarroste fumanti, ""ballocce"" (castagne lesse), polenta, porchetta, zonzelle fritte e mercatino dell'artigianato locale, allietati da spettacoli folcloristici e animazione per bambini.",Domenica (dalle 12:00 a sera),⭐⭐⭐⭐ (4.3),
18/10/2026,26/10/2026,Festa dell'Olio di Batignano,Grosseto (Fraz. Batignano),"Centro Storico e Frantoi, Batignano","Celebrazione dell'Olio Extravergine di Oliva appena franto delle colline grossetane, con bruschette calde, stand di produttori locali, mostre fotografiche e visite guidate ai frantoi.",1° e 2° weekend dell'evento (18-19 e 25-26 ottobre),⭐⭐⭐⭐ (4.4),
19/10/2026,18/11/2026,Un Viaggio nel Gusto,Grosseto,"Mura Medicee, Grosseto","Rassegna enogastronomica autunnale itinerante sulle storiche mura della città. Appuntamenti fissi di street food, degustazioni e prodotti artigianali della Maremma.",19-21 ottobre e 16-18 novembre,⭐⭐⭐⭐ (4.4),
23/10/2026,25/10/2026,Festa della Castagna di Sassofortino,Roccastrada (Fraz. Sassofortino),"Parco comunale della Fonte di Vandro e vie del paese, Sassofortino","Tradizionale e partecipatissimo appuntamento autunnale organizzato dalla Pro Loco Sasso&Forte nel fresco dei secolari castagneti. Stand gastronomici con piatti a tema: caldarroste fumanti, castagnaccio, necci con ricotta fresca, ma anche tortelli maremmani al ragù, spezzatino di cinghiale e vin brulé, con mercatino d'artigianato locale e intrattenimento musicale.","Solo fine settimana (Venerdì sera, Sabato e Domenica)",⭐⭐⭐⭐½ (4.5),"<p class=""mb-2 text-maremma-700""><strong>🌰 Stand Gastronomici & Sapori del Bosco</strong></p><ul class=""list-disc pl-5 mb-4 space-y-1""><li>Ristorante al coperto presso il fresco Parco comunale della Fonte di Vandro con menù autunnale: tortelli maremmani al ragù, spezzatino di cinghiale alla cacciatora, polenta e salsicce alla brace.</li><li>Leccornie a base di castagne locali: caldarroste preparate sulle grandi padelle forate, fragrante castagnaccio toscano, necci caldi con ricotta fresca e vin brulé speziato.</li><li>Orari apertura: Venerdì a cena dalle 19:30; Sabato cena dalle 19:00; Domenica pranzo dalle 12:30 e cena dalle 19:00.</li></ul><p class=""mb-2 text-maremma-700""><strong>🎵 Mercatini & Intrattenimento</strong></p><ul class=""list-disc pl-5 space-y-1""><li><strong>Sabato pomeriggio:</strong> Apertura del mercatino di prodotti tipici e artigianato locale nel parco, animazione per bambini e spettacoli musicali serali.</li><li><strong>Domenica:</strong> Escursioni e passeggiate guidate tra i castagneti secolari della Fonte di Vandro, musica itinerante con stornellatori toscani e ballo all'aperto.</li></ul>"
24/10/2026,25/10/2026,Festa del Marrone Santafiorese,Santa Fiora,"Centro storico e Parco della Peschiera, Santa Fiora","Tradizionale appuntamento autunnale inserito nel circuito AmiatAutunno dedicato alla castagna IGP del Monte Amiata. Stand gastronomici con piatti a base di farina dolce e 'castrate' (castagne arrostite sul fuoco), mercatini artigianali ed escursioni guidate tra i castagneti.",Sabato e Domenica,⭐⭐⭐⭐½ (4.6),
30/10/2026,01/11/2026,Festa delle Cantine,Sorano,"Borgo antico e cantine nel tufo, Sorano","Tradizionale evento d'autunno in occasione del ponte di Ognissanti. Le suggestive cantine scavate nella roccia tufacea aprono al pubblico proponendo piatti tipici maremmani, vino locale e mercatini.",Tutti i giorni del ponte di Ognissanti,⭐⭐⭐⭐½ (4.7),
31/10/2026,01/11/2026,Gustatus,Orbetello,"Centro Storico, Orbetello",Evento enogastronomico di eccellenza che celebra i sapori della laguna e dell'entroterra maremmano attraverso degustazioni e show cooking.,,⭐⭐⭐⭐⭐ (4.8),
31/10/2026,01/11/2026,Festa delle Streghe,Manciano (Fraz. Montemerano),"Centro Storico e ""Antri"", Montemerano","Spettacolare evento autunnale tra i vicoli del borgo medievale con percorsi enogastronomici negli ""Antri"", street food toscano, spettacoli di strada, musica dal vivo e la famosa ""Danza delle Streghe"".",31 Ottobre e 1 Novembre (pomeriggio e sera),⭐⭐⭐⭐½ (4.6),
31/10/2026,01/11/2026,FestAutunno (Festa d'Autunno e dei Sapori Amiatini),Castell'Azzara,"Piazza Matteotti e vie del centro storico, Castell'Azzara","Evento amiatino del ponte di Ognissanti dedicato all'enogastronomia di montagna: protagonisti assoluti castagne, funghi porcini, tartufo amiatino, zucca e dolci tradizionali. Stand di street food montano, vin brulé caldo, musica itinerante, laboratori per bambini e mercatini d'autunno.",Sabato e Domenica (ponte di Ognissanti),⭐⭐⭐⭐½ (4.5),
01/11/2026,15/11/2026,Cantine Aperte a San Martino,Varie località (Provincia di Grosseto),Aziende vitivinicole aderenti della Maremma Grossetana,"Iniziativa promossa dal Movimento Turismo del Vino per celebrare l'antico rito del vino novello ('per San Martino ogni mosto diventa vino'). Le storiche tenute e cantine della Maremma aprono le porte per visite ai vigneti autunnali, assaggi di vino novello direttamente dalla botte, degustazioni di bruschette all'olio nuovo appena franto, caldarroste e prodotti tipici a km zero.",Fine settimana (1-15 Novembre),⭐⭐⭐⭐½ (4.6),"<p class=""mb-2 text-maremma-700""><strong>🍷 L'Enoturismo d'Autunno in Maremma</strong></p><ul class=""list-disc pl-5 mb-4 space-y-1""><li>Iniziativa ufficiale promossa dal Movimento Turismo del Vino Toscana nelle storiche tenute e cantine della provincia di Grosseto.</li><li>Dalle ore 10:00 alle 18:00 (tutti i weekend dal 1° al 15 Novembre): Accoglienza degli enoturisti con visite guidate alle cantine e passeggiate tra i vigneti dalle calde sfumature autunnali.</li><li>Degustazione speciale del Vino Novello appena spillato direttamente dai tini e dalle botti, secondo l'antico adagio contadino: <em>""A San Martino ogni mosto diventa vino""</em>.</li></ul><p class=""mb-2 text-maremma-700""><strong>🥖 Abbinamenti & Prodotti Tipici</strong></p><ul class=""list-disc pl-5 space-y-1""><li>Fettunta maremmana con il pregiato Olio Extravergine d'Oliva nuovo appena franto.</li><li>Caldarroste fumanti, castagnaccio casereccio e taglieri con pecorino toscano D.O.P. e salumi di cinta senese.</li><li><em>Nota: È consigliata la prenotazione diretta presso le singole cantine aderenti.</em></li></ul>"
07/11/2026,09/11/2026,Santi Vinai,Pitigliano,"Centro Storico, Pitigliano","Celebrazione autunnale che rende omaggio al vino novello e all'olio appena franto. Degustazioni nelle cantine storiche, bruschette, salumi, musica dal vivo e mercatini.",Tutti i giorni,⭐⭐⭐⭐½ (4.5),
08/11/2026,09/11/2026,Festa del Buco Unto,Civitella Paganico (Fraz. Civitella Marittima),"Centro Storico e Cantine, Civitella Marittima","Storica festa dedicata all'olio nuovo e al vino novello. Cantine aperte, pici al sugo di vino novello, bruschette, musica dal vivo e mercatini artigianali nel borgo medievale.",Sabato e Domenica,⭐⭐⭐⭐½ (4.6),
08/11/2026,09/11/2026,Festa dell'Olio Novo,Manciano (Fraz. Marsiliana),"Centro Storico, Marsiliana","Appuntamento autunnale dedicato alla celebrazione dell'olio extravergine d'oliva nuovo locale. Degustazioni di bruschette, piatti della tradizione contadina e intrattenimento.",Sabato e Domenica,⭐⭐⭐⭐ (4.3),
14/11/2026,15/11/2026,Sapori d'Autunno,Massa Marittima (Fraz. Tatti),"Borgo medievale, antiche cantine e vecchi frantoi, Tatti","Storica manifestazione (giunta alla 29ª edizione) nel fiabesco borgo medievale arroccato di Tatti. Le cantine e i frantoi privati aprono le porte offrendo polenta calda al cinghiale, funghi, salsicce alla brace, bruschette con l'olio nuovo appena franto, caldarroste e vino novello delle colline maremmane, il tutto al riparo sotto le antiche volte.",Sabato pomeriggio/sera e Domenica tutto il giorno,⭐⭐⭐⭐½ (4.7),
24/11/2026,24/11/2026,Focarazza di Santa Caterina (Rito del Fuoco e Palio dello Stollo),Roccalbegna (Fraz. Santa Caterina),"Poggio alle Forche e centro del borgo, Santa Caterina","Antichissimo e spettacolare rito del fuoco alla vigilia della patrona: accensione della monumentale catasta di fascine con al centro lo 'stollo' di cerro, seguita dall'acceso Palio dello Stollo tra le contrade per aggiudicarsi il tronco incandescente. Stand gastronomici con salsicce alla brace, fegatelli, dolci locali e vino caldo.",Pomeriggio e sera del 24 Novembre,⭐⭐⭐⭐⭐ (4.8),
27/11/2026,29/11/2026,Festa dell'Olio,Seggiano,"Centro storico, Seggiano","Celebrazione della rinomata 'Olivastra Seggianese', la pregiata cultivar di olivo locale, con degustazioni di olio nuovo, bruschette e visite ai frantoi.",Tutto il giorno,⭐⭐⭐⭐½ (4.6),
28/11/2026,29/11/2026,ÒLEA - Festa dell'Olio Novo di Giuncarico,Gavorrano (Fraz. Giuncarico),"Borgo medievale e vie del centro, Giuncarico","Rassegna autunnale che valorizza l'oro verde della Maremma con degustazioni guidate di olio extravergine d'oliva appena franto, stand enogastronomici a km zero (bruschette calde, zuppe toscane), mercatini dell'olio, trekking tra gli oliveti e concerti nei vicoli.",Sabato e Domenica,⭐⭐⭐⭐½ (4.6),
28/11/2026,29/11/2026,Olionovo a Pereta,Magliano in Toscana (Fraz. Pereta),"Centro storico e vicoli medievali, Pereta","Manifestazione per celebrare l'olio nuovo appena spremuto dei frantoi maglianesi, con concorso per il miglior olio, stand con bruschette all'olio novo, caldarroste, porchetta, salsicce alla brace, vin brulé, spettacoli di strada e passeggiate tra gli olivi.",Sabato e Domenica,⭐⭐⭐⭐½ (4.5),
04/12/2026,04/12/2026,Festa di Santa Barbara (Tradizione dei Minatori),Massa Marittima (Fraz. Niccioleta),"Piazza della Chiesa e circolo cittadino, Niccioleta","Celebrazione identitaria della protettrice dei minatori nello storico villaggio operaio di Niccioleta. Dopo la cerimonia e la processione della memoria, la comunità allestisce stand gastronomici conviviali con polenta calda, cinghiale in umido, caldarroste e vin brulé, rievocando i canti e le tradizioni del mondo minerario delle Colline Metallifere.",Pomeriggio e sera del 4 Dicembre,⭐⭐⭐⭐ (4.3),
05/12/2026,24/12/2026,Mercatini di Natale nel Borgo,Pitigliano,Piazza della Repubblica e Centro Storico,"La 'Piccola Gerusalemme' scavata nel tufo si veste a festa. Casette di legno con artigianato locale, prodotti tipici (Sfratto di Pitigliano), street food maremmano invernale e musica a tema per le vie del centro.",Tutti i weekend fino a Natale,⭐⭐⭐⭐ (4.5),
26/12/2026,06/01/2027,Presepe Vivente di Porto Ercole,Monte Argentario (Fraz. Porto Ercole),Borgo Vecchio di Porto Ercole,"Una delle rievocazioni storiche natalizie più belle della costa. Il borgo vecchio di Porto Ercole si trasforma in una piccola Betlemme illuminata dalle torce, con oltre 200 figuranti e degustazioni di dolci tradizionali invernali, caldarroste e vin brulé lungo il percorso.","26 Dicembre, 5 e 6 Gennaio",⭐⭐⭐⭐⭐ (4.8),
30/12/2026,30/12/2026,Fiaccolata di Santa Fiora (Notte delle Fiaccole e delle Frasche),Santa Fiora,"Piazza Garibaldi e centro storico medievale, Santa Fiora","Magica e millenaria festa del fuoco che accende la notte di fine anno con le monumentali 'carboniere' (grandi piramidi di legna accese dai minatori), processione con le torce e apertura delle 'frasche' (caratteristici punti ristoro) con zuppe calde amiatine, grigliate di carne, dolci della tradizione e vin brulé.",Sera del 30 Dicembre (dalle ore 18:00 a notte inoltrata),⭐⭐⭐⭐⭐ (4.9),
31/12/2026,31/12/2026,Focarazza di San Silvestro,Manciano (Fraz. Saturnia),"Piazza Vittorio Veneto, Saturnia","Tradizionale e suggestiva festa popolare della notte di Capodanno con accensione del grande falò conico purificatore al centro della piazza alle ore 22:00. Stand con bruschette maremmane, salsicce alla brace, dolci tipici e vin brulé, seguiti da musica dal vivo, DJ set e brindisi di mezzanotte sotto le stelle.",Notte di San Silvestro (31 Dicembre),⭐⭐⭐⭐½ (4.6),
31/12/2026,01/01/2027,Capodanno in Piazza,Grosseto,Piazza Dante,"Il grande evento gratuito di fine anno nel capoluogo. Concerto dal vivo in piazza, brindisi di mezzanotte, DJ set e stand enogastronomici aperti fino a tarda notte per festeggiare l'arrivo del nuovo anno nel cuore della città.",Notte del 31 Dicembre,⭐⭐⭐⭐½ (4.6),
17/01/2027,17/01/2027,Festa di Sant'Antonio Abate e Benedizione degli Animali,Manciano (Fraz. Marsiliana),"Piazza della Chiesa e centro della frazione, Marsiliana","Antica tradizione contadina e religiosa maremmana dedicata a Sant'Antonio Abate. Grande corteo con carrozze, cavalli e animali domestici per la solenne benedizione sul sagrato, seguito dal tradizionale pranzo comunitario all'aperto con bruschette, salsicce, porchetta, dolci tipici e vino locale.",Domenica 17 Gennaio (dalla mattina al pomeriggio),⭐⭐⭐⭐ (4.2),
07/02/2027,28/02/2027,Carnevale Follonichese (60ª Edizione),Follonica,"Circuito del lungomare e vie cittadine, Follonica","Lo storico carnevale del golfo giunge all'importante traguardo della 60ª edizione. Grandi sfilate sul mare dei maestosi carri allegorici in cartapesta realizzati dagli 8 rioni cittadini, mascherate, musica, street food e stand gastronomici dedicati ai tradizionali dolci di carnevale (frittelle di riso, cenci maremmani e bomboloni caldi).","Tutte le domeniche (7, 14, 28 febbraio) e sabato 20 febbraio",⭐⭐⭐⭐⭐ (4.8),
07/02/2027,28/02/2027,Carnevaletto da 3 Soldi (56ª Edizione),Orbetello,"Corso Italia e centro storico, Orbetello","[CARNEVALE/FOLCLORE] Lo storico carnevale lagunare che anima le domeniche di febbraio con grandi sfilate di carri allegorici in cartapesta, maschere a tema, corpi bandistici e il corteo trionfale di Re Carnevale. Stand gastronomici e chioschi con i dolci tradizionali della festa (frittelle di riso maremmane, cenci fritti caldi e castagnole), musica dal vivo in piazza e festa notturna finale con la proclamazione del 'Carrissimo'.",Tutte le domeniche di febbraio e sfilata notturna finale,⭐⭐⭐⭐⭐ (4.8),"<p class=""mb-2 text-maremma-700""><strong>🎭 Grande Sfilata dei Carri Allegorici</strong></p><ul class=""list-disc pl-5 mb-4 space-y-1""><li>Tutte le domeniche di Febbraio dalle ore 14:30: Apertura del circuito cittadino nel cuore di Orbetello.</li><li>Ore 15:00: Grandiosa parata dei giganteschi carri allegorici in cartapesta lungo Corso Italia, scortati da bande musicali, gruppi mascherati in coreografie spettacolari, Re Carnevale e la corte delle Reginette.</li><li>Lancio continuo di coriandoli, stelle filanti e gadget per la gioia di grandi e piccini.</li><li>Domenica 28 Febbraio (Gran Finale): Spettacolare sfilata notturna illuminata con fuochi d'artificio e proclamazione del carro vincitore del trofeo ""Carrissimo 2027"".</li></ul><p class=""mb-2 text-maremma-700""><strong>🍩 I Dolci Tipici di Carnevale</strong></p><ul class=""list-disc pl-5 space-y-1""><li>Chioschi gastronomici aperti per tutto il percorso con le dolci tradizioni toscane: cenci fritti spolverati di zucchero a velo, calde frittelle di riso di San Giuseppe e bomboloni ripieni alla crema.</li></ul>"
19/03/2027,19/03/2027,Torciata di San Giuseppe,Pitigliano,"Piazza Garibaldi e vie del centro storico, Pitigliano","Uno dei più affascinanti e antichi riti del fuoco della Toscana. Corteo storico in costume con i torciatori incappucciati che trasportano fasci di canne accese fino alla piazza, dove danno fuoco all'""Invernacciu"" (fantoccio propiziatorio che segna la fine dell'inverno). Stand con le tipiche e fragranti frittelle di San Giuseppe dolci, ciambelle e vino delle cantine tufacee.",Sera del 19 Marzo (dalle 21:00),⭐⭐⭐⭐⭐ (4.9),
27/03/2027,29/03/2027,Sagra dell'Agnello e del Buglione Maremmano,Manciano (Fraz. San Martino sul Fiora),"Piazza del Popolo e centro del borgo, San Martino sul Fiora","Una delle rassegne enogastronomiche pasquali più antiche della Maremma. Protagonista assoluto il tradizionale ""buglione d'agnello"" cotto a fuoco lento con pane casereccio toscano, agnello fritto e alla brace. Fiera paesana, benedizione pasquale, concerti di bande e orchestre liscio per tutta la giornata di Pasquetta.","Sabato sera, Domenica di Pasqua e Lunedì dell'Angelo (Pasquetta)",⭐⭐⭐⭐½ (4.6),
08/05/2027,09/05/2027,Sui Sentieri del Prugnolo (Festa al Prugnolo),Montieri,Centro storico e boschi di Montieri,"Celebrazione primaverile dedicata al ricercatissimo e profumato fungo prugnolo (Tricholoma georgii) delle Colline Metallifere. Stand gastronomici con primi piatti e specialità a base di prugnolo fresco, escursioni micologiche guidate nei boschi circostanti, mercatino biologico e dell'artigianato, show cooking e intrattenimento per le vie del borgo.",Sabato e Domenica,⭐⭐⭐⭐½ (4.5),"<p class=""mb-2 text-maremma-700""><strong>🍄 Gastronomia & Fungo Prugnolo a Km 0</strong></p><ul class=""list-disc pl-5 mb-4 space-y-1""><li>Ristorante della Pro Loco nel centro di Montieri dedicato al pregiato fungo prugnolo (<em>Tricholoma georgii</em>) colto nei boschi metalliferi: tagliolini e tortelli al prugnolo, arrosti profumati, crostoni e piatti della tradizione contadina.</li><li>Apertura stand: Sabato a cena dalle 19:30; Domenica sia a pranzo (dalle 12:30) che a cena (dalle 19:30).</li></ul><p class=""mb-2 text-maremma-700""><strong>🌿 Escursioni, Mostre & Mercatini</strong></p><ul class=""list-disc pl-5 space-y-1""><li><strong>Sabato:</strong> Ore 15:30 apertura della mostra micologica ed escursione guidata nei boschi con esperti per il riconoscimento delle erbe e dei funghi primaverili; musica dal vivo in piazza alla sera.</li><li><strong>Domenica:</strong> Dalle ore 09:30 mostra mercato di prodotti tipici locali e artigianato; ore 10:00 trekking guidato ""Sui sentieri dei minatori""; nel pomeriggio show cooking in piazza e animazione per famiglie.</li></ul>"
28/05/2027,30/05/2027,Sagra della Lumaca Riganella,Manciano (Fraz. Poggio Murella),"Piazza del Popolo e centro del borgo, Poggio Murella","Tradizionale festa organizzata dalla storica Filarmonica 'P. Mascagni'. La protagonista è la 'lumaca riganella', cucinata secondo un'antica e laboriosa ricetta locale a base di erbe aromatiche e spezie, affiancata dai celebri 'lunghini' (pasta fresca rustica tirata a mano), acquacotta maremmana, carni alla brace, ballo liscio e orchestre dal vivo.","Solo fine settimana (Venerdì e Sabato cena, Domenica pranzo e cena)",⭐⭐⭐⭐½ (4.6),"<p class=""mb-2 text-maremma-700""><strong>🐌 Stand Gastronomici & Ricetta della Tradizione</strong></p><ul class=""list-disc pl-5 mb-4 space-y-1""><li>Festa organizzata dalla centenaria Filarmonica ""P. Mascagni"" a Poggio Murella.</li><li>Piatto forte la celeberrima ""lumaca riganella"", preparata con un'antica e minuziosa ricetta a lenta cottura arricchita da spezie ed erbe spontanee maremmane.</li><li>Ricco menù contadino: i tradizionali ""lunghini"" (pasta fresca acqua e farina tirata a mano), acquacotta maremmana, carne alla brace, salsicce toscane e bruschette al pomodoro.</li><li>Stand aperti venerdì e sabato a cena (dalle 19:30), domenica anche a pranzo (dalle 12:30).</li></ul><p class=""mb-2 text-maremma-700""><strong>🎺 Musica dal Vivo & Serate Danzanti</strong></p><ul class=""list-disc pl-5 space-y-1""><li>Ogni sera grande concerto e ballo liscio all'aperto in Piazza del Popolo con la Filarmonica ""P. Mascagni"" e rinomate orchestre toscane.</li></ul>"
02/07/2027,01/08/2027,Festa dello Sport e del Cinghiale alla Cacciatora,Grosseto (Fraz. Rispescia),"Impianti Sportivi, Rispescia (Grosseto)","Storica sagra estiva alle porte del Parco Naturale della Maremma. Protagonista assoluto il cinghiale cucinato alla cacciatora secondo la ricetta tradizionale dei cacciatori maremmani, insieme a tortelli fatti a mano, panzanella fresca, acquacotta e brace mista, con serate danzanti, orchestre e animazione per famiglie.","Tutti i weekend di luglio (Venerdì, Sabato e Domenica sera)",⭐⭐⭐⭐½ (4.5),"<p class=""mb-2 text-maremma-700""><strong>🐗 Ristorante Gastronomico Maremmano</strong></p><ul class=""list-disc pl-5 mb-4 space-y-1""><li>Stand gastronomici coperti attivi tutti i fine settimana di Luglio (Venerdì, Sabato e Domenica) dalle ore 19:30 presso gli Impianti Sportivi di Rispescia.</li><li>Regina del menù la cacciagione locale: cinghiale alla cacciatora a cottura lenta in umido, tortelli maremmani fatti a mano al ragù di cinghiale, acquacotta della tradizione buttera, tagliatelle caserecce, panzanella estiva e grigliate di maiale e vitello.</li><li>Ampia selezione di vini Morellino di Scansano e Maremma Toscana DOC.</li></ul><p class=""mb-2 text-maremma-700""><strong>⚽ Sport, Ballo & Divertimento</strong></p><ul class=""list-disc pl-5 space-y-1""><li>Dalle ore 21:00 pista da ballo all'aperto con serate danzanti, le migliori orchestre di liscio e balli di gruppo.</li><li>Tornei serali di calcetto, giochi per bambini e spazi ricreativi per tutta la famiglia.</li></ul>"
23/07/2027,01/08/2027,Sagra del Moscardino e del Polpetto,Orbetello (Fraz. Talamone),"Sporting Club Talamone, Via Cala di Forno, Talamone","Tradizionale appuntamento con la cucina marinara nella splendida baia sotto la rocca di Talamone. Specialità assoluta il prelibato 'polpetto alla talamonese' in umido, frittura croccante di moscardini e paranza, insalate di mare fresche e primi piatti ai profumi del Tirreno, con musica dal vivo e serate sotto le stelle.",Tutte le sere dalle 19:30,⭐⭐⭐⭐½ (4.6),"<p class=""mb-2 text-maremma-700""><strong>🐙 Sapori di Mare a Talamone</strong></p><ul class=""list-disc pl-5 mb-4 space-y-1""><li>Rassegna culinaria marinara nella splendida cornice dello Sporting Club di Talamone (Via Cala di Forno), aperta tutte le sere dalle ore 19:30.</li><li>Specialità imperdibile: il tradizionale ""polpetto alla talamonese"" cotto in umido con pomodoro e aromi mediterranei, accompagnato da croccante frittura espressa di moscardini e paranza tirrenica.</li><li>Menù marinaro: spaghetti ai frutti di mare, insalata tiepida di mare, pesce alla griglia e bruschette marinare, con opzioni di terra per accontentare tutti i palati.</li></ul><p class=""mb-2 text-maremma-700""><strong>🎶 Serate sotto la Rocca</strong></p><ul class=""list-disc pl-5 space-y-1""><li>Dalle 21:30 musica dal vivo, pianobar, cocktail bar fronte mare e intrattenimento sotto la brezza della rocca medievale aldobrandesca.</li></ul>"
29/07/2027,08/08/2027,Sagra del Baccalà,Magliano in Toscana (Fraz. Sant'Andrea),"Campo Sportivo di Sant'Andrea al Civilesco, Magliano in Toscana","Una delle sagre più attese e longeve dell'estate maremmana (giunta a oltre 35 edizioni), curata dall'A.S.D. Magliano Sant'Andrea. Il baccalà è servito in innumerevoli varianti d'eccellenza: fritto dorato, in umido con ceci, alla brace, in insalata e come ripieno o condimento di tortelli fatti a mano, accompagnato dai grandi vini delle colline maglianesi e musica dal vivo tutte le sere.",Tutte le sere a cena,⭐⭐⭐⭐⭐ (4.8),"<p class=""mb-2 text-maremma-700""><strong>🐟 Oltre 35 Anni di Tradizione del Baccalà</strong></p><ul class=""list-disc pl-5 mb-4 space-y-1""><li>Storica sagra curata con passione dall'A.S.D. Magliano Sant'Andrea al campo sportivo di Sant'Andrea al Civilesco.</li><li>Stand gastronomici aperti tutte le sere dalle 19:30 con un menù ricchissimo interamente dedicato al baccalà:<ul class=""list-disc pl-5 mt-1 space-y-0.5""><li><strong>Primi:</strong> Tortelli maremmani al sugo di baccalà, penne e tagliatelle al baccalà, zuppa tradizionale.</li><li><strong>Secondi:</strong> Gran fritto dorato di baccalà, baccalà alla livornese con pomodoro e cipolle, baccalà alla brace e insalata fresca di baccalà e ceci.</li><li>Piatti alternativi di terra: carni alla griglia, tortelli al ragù classico toscano e contorni freschi.</li></ul></li><li>Vini locali delle colline di Magliano in Toscana.</li></ul><p class=""mb-2 text-maremma-700""><strong>💃 Musica & Spettacoli</strong></p><ul class=""list-disc pl-5 space-y-1""><li>Ogni sera dalle ore 21:15 spettacoli musicali gratuiti con grandi orchestre da ballo liscio, cover band e momenti di cabaret.</li></ul>"
